{
	"class_name" : "PinholeCameraParameters",
	"extrinsic" : 
	[
		-0.82487968148774926,
		-0.43867770029326014,
		0.35656049463462164,
		0.0,
		0.42365898541258562,
		-0.06211314810616532,
		0.90368967068984496,
		0.0,
		-0.37428141170494689,
		0.89649530511752173,
		0.23708562325538393,
		0.0,
		196.83231080925469,
		-643.90811710317871,
		357.11611574509664,
		1.0
	],
	"intrinsic" : 
	{
		"height" : 1055,
		"intrinsic_matrix" : 
		[
			913.65680099258282,
			0.0,
			0.0,
			0.0,
			913.65680099258282,
			0.0,
			959.5,
			527.0,
			1.0
		],
		"width" : 1920
	},
	"version_major" : 1,
	"version_minor" : 0
}