{
	"class_name" : "PinholeCameraParameters",
	"extrinsic" : 
	[
		-0.65902771537239824,
		-0.48696490851352697,
		0.57319076078339737,
		0.0,
		0.6012977886787978,
		0.11666827675408357,
		0.79046156296762504,
		0.0,
		-0.45180022100595013,
		0.86559441488242339,
		0.21592329476767846,
		0.0,
		284.55914847356246,
		-594.94544424588503,
		349.23052525877267,
		1.0
	],
	"intrinsic" : 
	{
		"height" : 1055,
		"intrinsic_matrix" : 
		[
			913.65680099258282,
			0.0,
			0.0,
			0.0,
			913.65680099258282,
			0.0,
			959.5,
			527.0,
			1.0
		],
		"width" : 1920
	},
	"version_major" : 1,
	"version_minor" : 0
}